codeClean,codeDisinf,codeEcon,codeElev,codeEmgr,codeFalarm,codeGarbage,codeMgr,codeNet,codeSec,codeStr,codeWsupply,convenientFacility,disposalType,educationFacility,kaptCcompany,kaptCode,kaptMgrCnt,kaptName,kaptdCccnt,kaptdClcnt,kaptdDcnt,kaptdEcapa,kaptdEcnt,kaptdPcnt,kaptdPcntu,kaptdScnt,kaptdSecCom,kaptdWtimebus,kaptdWtimesub,subwayLine,subwayStation,welfareFacility
위탁관리,위탁관리,단일계약,위탁관리,위탁선임,P형,음식물쓰레기종량제,위탁관리,무,위탁관리,철근콘크리트구조,부스타방식,"병원(솔한의원, 안가정의학과의원) 공원(근린공원) 기타(신정제일시장)",분무식,"초등학교(양강) 중학교(신남, 양강)",(주)한빛관리,A15886402,2,신정대성유니드아파트2차,26,2,12,500,7,84,103,2,성안씨에스,5~10분이내,5분이내,2호선,신정네거리역,"관리사무소, 노인정, 어린이놀이터, 자전거보관소"
위탁관리,위탁관리,종합계약,위탁관리,상주선임,기타,기타,위탁관리,무,위탁관리,철근콘크리트구조,부스타방식,관공서(신월 4동주민센터) 병원(로고스한의원) 공원(근린공원),,"초등학교(강서, 신강) 중학교(강신)",에이제이대원 주식회사,A15809402,3,신월삼정그린뷰,53,2,12,1100,8,20,290,2,대한티에스,5분이내,15~20분이내,"2호선, 5호선","신정네거리, 신정","관리사무소, 어린이놀이터, 유치원, 자전거보관소"
위탁관리,위탁관리,단일계약,위탁관리,상주선임,P형,음식물쓰레기종량제,위탁관리,무,위탁관리,철근콘크리트구조,고가수조식,관공서(신정3동우체국) 병원(변정섭내과의원) 백화점(목동현대) 공원(신트리공원),분무식,"초등학교(신기, 남명) 중학교(봉영여, 신남) 고등학교(양천고, 금옥여고, 백암고)",(주)신원티엠씨(TMC),A15807002,8,신트리1단지,83,8,12,1750,13,159,407,8,듀델코리아,5분이내,10~15분이내,2호선,신정네거리역,"관리사무소, 노인정, 보육시설, 어린이놀이터, 자전거보관소"
위탁관리,위탁관리,단일계약,위탁관리,상주선임,R형,음식물쓰레기종량제,위탁관리,무,위탁관리,철근콘크리트구조,고가수조식,관공서(신정3동우체국) 병원(변정섭내과의원) 백화점(목동현대) 공원(신트리공원),"분무식,기구부착식","초등학교(신기, 남명) 중학교(봉영여, 신남) 고등학교(양천고, 금옥여고, 백암고)",서림주택관리(주),A15807316,8,신트리4단지,87,7,12,1910,11,123,379,8,명원실업,5분이내,5~10분이내,2호선,신정네거리역,"관리사무소, 노인정, 보육시설, 주민공동시설, 어린이놀이터, 기타"
위탁관리,위탁관리,종합계약,위탁관리,상주선임,R형,음식물쓰레기종량제,위탁관리,무,위탁관리,철골철근콘크리트구조,기타,"관공서(묵5동주민센터) 병원(이대목동병원) 백화점(목동현대백화점) 공원(파리, 목마공원)",도포식,"초등학교(목원, 월촌, 경인) 중학교(월촌, 양정) 고등학교(한가람, 양정)",(주)경진이앤지,A15805301,8,목동부영그린타운3차,120,5,12,2245,16,2,435,5,경진이앤지,5분이내,5~10분이내,,,"관리사무소, 주민공동시설"
위탁관리,위탁관리,단일계약,위탁관리,상주선임,R형,음식물쓰레기종량제,위탁관리,무,위탁관리,철근콘크리트구조,부스타방식,관공서(신월 6동 주민센터) 병원(서남병원) 공원(근린공원) 기타(서부화물트럭터미널),,"초등학교(지향, 장수) 중학교(오류, 강신) 고등학교(백암,금옥여)",세화종합관리(주),A15807004,5,신정이펜하우스4단지,189,4,12,1950,20,59,597,6,(주)피누스이앤씨,5~10분이내,20분초과,"1호선, 2호선",신정네거리,"관리사무소, 노인정, 주민공동시설"
위탁관리,위탁관리,종합계약,위탁관리,위탁선임,R형,음식물쓰레기종량제,위탁관리,유,위탁관리,철근콘크리트구조,부스타방식,병원(서남병원) 공원(근린) 기타(서부트럭터미널),분무식,"초등학교(신은, 지향) 중학교(강신) 고등학교(금옥여, 양천) 대학교(가돌릭 대학교)",에이제이대원 주식회사,A15807003,3,신정이펜하우스5단지,126,2,12,1050,10,10,295,3,대한티에스(주),5분이내,20분초과,"2호선, 5호선, 7호선","까치울, 신정네거리","관리사무소, 노인정, 문고, 주민공동시설, 어린이놀이터, 자전거보관소"
위탁관리,위탁관리,단일계약,위탁관리,상주선임,R형,음식물쓰레기종량제,위탁관리,무,위탁관리,철근콘크리트구조,부스타방식,"병원(삼성마취통증의원, 중앙의원) 공원(갈산근린공원)","도포식,분무식,기구부착식,독이식","초등학교(은정,갈산, 계남) 중학교(봉명여) 고등학교(목동)",에스더블유엠(주),A15807704,7,목동2차우성임대,90,4,12,2200,9,117,208,8,(주)이오티앤디,5분이내,10~15분이내,2호선,양천구청,"관리사무소, 노인정, 주민공동시설, 어린이놀이터, 유치원, 커뮤니티공간, 자전거보관소, 기타"
위탁관리,위탁관리,단일계약,위탁관리,상주선임,P형,음식물쓰레기종량제,위탁관리,무,위탁관리,철근콘크리트구조,부스타방식,"관공서(목5동 주민센터) 병원(이대목동병원) 공원(용왕산, 파리, 목마공원)","분무식,독이식","초등학교(양화, 정목, 월촌) 중학교(신목) 고등학교(양정, 한광)",무림하우징,A15805504,18,목동5단지,123,17,21,4450,30,1444,0,77,삼우안전관리(유),5분이내,15~20분이내,"5호선, 9호선","오목교, 신목동","관리사무소, 노인정, 보육시설, 어린이놀이터, 유치원, 자전거보관소"
위탁관리,위탁관리,단일계약,위탁관리,위탁선임,R형,음식물쓰레기종량제,위탁관리,무,위탁관리,철근콘크리트구조,부스타방식,관공서(목4동주민센터) 병원(홍익병원) 대형상가(하이마트-목동점) 공원(근린공원) 기타(가톨릭스포츠센터),"분무식,독이식",초등학교(영도) 중학교(신목) 고등학교(강서고),세화종합관리(주),A15805404,5,"목동대원칸타빌2,3단지",95,6,12,1800,18,89,573,7,(주)세계보안관리시스템,5분이내,5~10분이내,5호선,목동,"관리사무소, 노인정, 문고, 주민공동시설, 어린이놀이터, 자전거보관소, 기타"
위탁관리,위탁관리,단일계약,위탁관리,상주선임,P형,음식물쓰레기종량제,위탁관리,무,위탁관리,철근콘크리트구조,부스타방식,"관공서(목5동주민센터) 병원(이대목동병원) 백화점(현대백화점) 공원(파리공원, 목마공원)","도포식,분무식,독이식","초등학교(목원, 월촌, 경인) 중학교(월촌, 양정) 고등학교(한가람, 양정)",율산개발(주),A15875102,21,목동2단지,312,17,12,4760,21,1534,0,63,경진이앤지,5분이내,5~10분이내,"2호선, 5호선, 9호선",신목동,"관리사무소, 노인정, 보육시설, 문고, 주민공동시설, 어린이놀이터, 휴게시설, 유치원, 커뮤니티공간, 자전거보관소"
위탁관리,위탁관리,종합계약,위탁관리,상주선임,R형,기타,위탁관리,무,위탁관리,철근콘크리트구조,고가수조식,관공서(신정3동우체국) 병원(이진우내과의원) 백화점(목동현대) 공원(신트리공원),분무식,"초등학교(신기, 남명) 중학교(봉영여, 신서) 고등학교(양천고, 금옥여고, 백암고)",신한영주택관리(주),A15886504,5,신정5차현대,134,4,4,1475,11,83,510,4,(주)듀델코리아,5분이내,10~15분이내,2호선,신정네거리역,"관리사무소, 노인정, 주민공동시설, 어린이놀이터, 자전거보관소"
위탁관리,위탁관리,단일계약,위탁관리,위탁선임,P형,거점장비수거방식,위탁관리,무,위탁관리,철근콘크리트구조,부스타방식,관공서( 신월2동주민센터) 병원( 로고스한의원) 공원(근린공원),도포식,"초등학교(양강, 강서, 신강) 중학교(양강, 신남)",(주)한빛관리,A15883803,3,신월대림,34,2,12,850,6,24,216,4,,5분이내,15~20분이내,"2호선, 5호선","신정, 신정네거리","관리사무소, 노인정, 어린이놀이터, 자전거보관소"
위탁관리,위탁관리,단일계약,위탁관리,위탁선임,R형,음식물쓰레기종량제,위탁관리,무,위탁관리,철근콘크리트구조,부스타방식,병원(홍익병원) 대형상가(하이마트) 공원(오목공원),분무식,"초등학교(정목, 영도) 중학교(신목) 고등학교(강서)",(주)미래에이비엠,A15805102,2,목동현대아이파크,48,2,17,950,6,41,150,2,(주)미래에이비엠,5~10분이내,5~10분이내,5호선,목동,"관리사무소, 노인정, 어린이놀이터, 자전거보관소"
위탁관리,위탁관리,단일계약,위탁관리,상주선임,P형,음식물쓰레기종량제,위탁관리,무,위탁관리,철근콘크리트구조,부스타방식,"관공서(묵5동주민센터) 병원(이대목동병원) 백화점(현대백화점,행복한백화점) 대형상가(홈플러스) 공원(파리, 목마공원) 기타(SBS방송국)","도포식,분무식","초등학교(목운, 월촌, 경인,영도) 중학교(월촌, 양정) 고등학교(강서, 한가람, 양정)",에이제이대원 주식회사,A15805003,15,목동3단지,126,13,12,3700,22,1199,0,70,,5분이내,5~10분이내,"2호선, 5호선, 9호선",신목동,
위탁관리,위탁관리,단일계약,위탁관리,상주선임,P형,음식물쓰레기종량제,위탁관리,무,위탁관리,철근콘크리트구조,부스타방식,"관공서(양천구청, 양천경찰서) 병원( 인의한의원, 우당한의원) 백화점(현대백화점) 공원(양천공원) 기타(한국전력공사, 신정제일시장)","도포식,분무식,기구부착식,기구설치식,독이식","초등학교(신서,남명) 중학교(신서)",한국주택시설관리(주),A15807101,25,목동9단지,83,21,12,4600,43,1466,0,102,관리업체와 동일,5분이내,5~10분이내,"2호선, 5호선","신정네거리, 목동","관리사무소, 노인정, 어린이놀이터, 휴게시설, 커뮤니티공간, 자전거보관소"
자치관리,위탁관리,단일계약,위탁관리,위탁선임,P형,음식물쓰레기종량제,자치관리,무,자치관리,철근콘크리트구조,부스타방식,공원(용왕산체육공원),"도포식,분무식",초등학교(월촌초) 중학교(신목),,A15880204,5,목동우성,48,3,8,750,12,126,113,4,,5분이내,5~10분이내,9호선,신목동,"관리사무소, 노인정, 어린이놀이터"
위탁관리,위탁관리,단일계약,위탁관리,위탁선임,P형,음식물쓰레기종량제,위탁관리,무,위탁관리,철근콘크리트구조,부스타방식,"관공서(목2동 주민센터) 병원(이대목동병원) 백화점(현대백화점) 공원(용왕산, 파리, 목마공원)",분무식,"초등학교(양화, 정목, 월촌) 중학교(신목,양동) 고등학교(양정, 한광)",서일개발,A15805203,4,목동건영,72,2,12,990,12,104,141,8,(주)상우시스템,5분이내,15~20분이내,"5호선, 9호선","오목교, 신목동","관리사무소, 노인정, 주민공동시설, 어린이놀이터, 휴게시설, 자전거보관소"
위탁관리,위탁관리,종합계약,위탁관리,위탁선임,P형,음식물쓰레기종량제,위탁관리,무,위탁관리,철근콘크리트구조,수도직결식,"관공서(양천구청, 양천경찰서) 병원(아름다운산부인과) 공원(양천공원, 신트리공원) 기타(체육센터)",분무식,"초등학교(은저, 갈산, 신목) 중학교(목일, 목동) 고등학교(신목)",무림개발,A15885306,5,신정쌍용,14,2,12,950,9,104,77,5,피누스이앤씨,5~10분이내,10~15분이내,5호선,"오목교, 양천구청","관리사무소, 노인정, 어린이놀이터, 자전거보관소"
위탁관리,위탁관리,단일계약,위탁관리,위탁선임,R형,음식물쓰레기종량제,위탁관리,무,위탁관리,철근콘크리트구조,부스타방식,"관공서(양천구청,양천경찰서) 병원(힘찬병원) 백화점(목동현대백화점) 공원(양천공원)","분무식,독이식","초등학교(신목, 목동) 중학교(목동) 고등학교(목동중, 목일중,신목중)",주)무림하우징,A15807001,4,경남아너스빌,65,4,12,800,7,39,356,4,엘림테크,5~10분이내,5~10분이내,"2호선, 5호선",오목교역,"관리사무소, 노인정, 주민공동시설, 어린이놀이터, 휴게시설, 자전거보관소"
위탁관리,위탁관리,단일계약,위탁관리,상주선임,R형,음식물쓰레기종량제,위탁관리,유,위탁관리,철근콘크리트구조,부스타방식,관공서(신정119안전센터) 병원(문형한내과의원) 기타(신정제일시장),도포식,"초등학교(양강) 중학교(양강, 신남)",세화종합관리(주),A15883401,4,신정뉴타운두산위브,105,4,12,2550,10,0,450,4,코리아이지텔,5분이내,10~15분이내,5호선,,"관리사무소, 노인정, 보육시설, 주민공동시설, 어린이놀이터, 자전거보관소"
위탁관리,위탁관리,종합계약,위탁관리,위탁선임,R형,음식물쓰레기종량제,위탁관리,무,위탁관리,철근콘크리트구조,부스타방식,관공서(양천세무서) 병원(힘찬병원) 백화점(목동현대백화점) 공원(양천공원) 기타(한국전력공사),"도포식,분무식","초등학교(목동, 신목) 중학교(목동) 고등학교(진명여, 신목)",shy,A15807205,4,롯데캐슬,55,3,12,900,11,0,420,4,(주)코리아종합관리,5분이내,5~10분이내,5호선,오목교역,"관리사무소, 노인정"
위탁관리,위탁관리,종합계약,위탁관리,상주선임,R형,음식물쓰레기종량제,위탁관리,무,위탁관리,철근콘크리트구조,부스타방식,병원(마이내과흉부외과의원) 공원(파리공원),"도포식,분무식,독이식",초등학교(정목초) 중학교(신목중) 고등학교(강서고),국제경보산업(주),A15805202,4,목동e-편한세상,128,4,12,1660,12,0,542,6,(주)코리아종합관리,5~10분이내,15~20분이내,9호선,신목동,"관리사무소, 노인정, 어린이놀이터, 자전거보관소"
위탁관리,위탁관리,종합계약,위탁관리,상주선임,R형,음식물쓰레기종량제,위탁관리,유,위탁관리,철골철근콘크리트구조,부스타방식,"관공서(목2동 주민센터) 병원(이대목동병원) 백화점(현대백화점) 공원(용왕산, 파리, 목마공원)",기구부착식,"초등학교(양화, 정목, 월촌) 중학교(신목,목운) 고등학교(양정, 한광)",우리관리주식회사,A15805114,17,목동현대하이페리온,30,23,12,6250,13,1192,0,26,(주)에스텍시스템,5분이내,5~10분이내,5호선,"오목교, 신목동","관리사무소, 노인정, 어린이놀이터, 자전거보관소"
위탁관리,위탁관리,단일계약,위탁관리,상주선임,P형,음식물쓰레기종량제,위탁관리,무,위탁관리,철근콘크리트구조,부스타방식,"관공서(양천세무서, 서울남부지방법원,양천구청,양천경찰서,출입국관리사무소) 병원( 서울탑치과의원, 연세한사랑의원) 백화점( 현대백화점) 공원(양천공원)","도포식,분무식,독이식","초등학교(서정,목동) 중학교(목동) 고등학교(진명여고)",한국주택시설관리(주),A15807604,12,목동8단지,152,11,4,3150,24,774,78,48,인덕종합관리,5분이내,5~10분이내,5호선,목동,"관리사무소, 노인정, 주민공동시설, 어린이놀이터, 휴게시설, 유치원, 커뮤니티공간, 자전거보관소"
위탁관리,위탁관리,단일계약,위탁관리,상주선임,R형,음식물쓰레기종량제,위탁관리,무,위탁관리,철근콘크리트구조,부스타방식,"관공서(목1동 주민센터) 병원(이대목동병원, 홍익병원) 백화점(현대백화점, 행복한백화점) 대형상가(홈플러스, 이마트) 공원(양천, 파리,)","도포식,분무식,독이식","초등학교(서정초, 목운초) 중학교(목운중, 목동중) 고등학교(진명여고, )",서일개발,A15805115,28,목동7단지,465,18,4,5600,43,1285,0,45,유한회사탄천산업,5분이내,5~10분이내,"5호선, 9호선","오목교, 신목동","관리사무소, 노인정, 어린이놀이터, 자전거보관소"
위탁관리,위탁관리,종합계약,위탁관리,위탁선임,P형,음식물쓰레기종량제,위탁관리,무,위탁관리,철근콘크리트구조,부스타방식,"관공서(양천구청, 양천경찰서, 양천세무소, 동부수도사업소) 병원(아름다운산부인과) 공원(양천공원, 신트리공원) 기타(체육센터)",분무식,"초등학교(은저, 갈산, 신목) 중학교(목일, 목동) 고등학교(신목)",주식회사 푸른종합주택관리,A15885307,4,신정청구아파트,53,3,12,1225,10,103,77,4,(주)푸른안전산업,5분이내,10~15분이내,"2호선, 5호선","오목교, 양천구청","관리사무소, 노인정, 어린이놀이터, 자전거보관소"
위탁관리,위탁관리,단일계약,위탁관리,상주선임,R형,음식물쓰레기종량제,위탁관리,무,위탁관리,철근콘크리트구조,고가수조식,관공서(신정3동우체국) 병원(변정섭내과의원) 백화점(목동현대) 공원(신트리공원),"도포식,분무식","초등학교(신기, 남명) 중학교(봉영여, 신남, 신서, 금옥) 고등학교(양천고, 금옥여고, 백암고)",서림주택관리(주),A15807311,7,신트리3단지,109,9,4,2145,18,23,602,6,예주산업(주),5분이내,10~15분이내,2호선,신정네거리역,"관리사무소, 노인정, 보육시설, 주민공동시설, 어린이놀이터, 자전거보관소"
위탁관리,위탁관리,단일계약,위탁관리,상주선임,P형,음식물쓰레기종량제,위탁관리,무,위탁관리,벽돌구조,부스타방식,"관공서(양천구청, 양천경찰서) 병원(튼튼한정형외과의원) 공원(양천공원, 신트리공원) 기타(체육센터)","도포식,분무식","초등학교(신서,양명) 중학교(신서)",에이제이대원 주식회사,A15807706,16,목동12단지,96,14,12,4500,24,873,0,38,(주)옥산개발,5분이내,5~10분이내,2호선,양천구청,"관리사무소, 노인정, 보육시설, 어린이놀이터, 유치원, 커뮤니티공간, 자전거보관소"
위탁관리,위탁관리,종합계약,위탁관리,위탁선임,R형,음식물쓰레기종량제,위탁관리,무,위탁관리,철근콘크리트구조,고가수조식,"관공서(목1동주민센터) 병원(힘찬) 대형상가(현대백화점, 홈플러스) 공원(오목공원)",분무식,초등학교(서정) 중학교(목운) 고등학교(진명여고),대원종합관리(주),A15882107,4,목동금호1차,28,2,12,700,4,54,185,4,듀델코리아주식회사,5분이내,5분이내,5호선,오목교,"관리사무소, 어린이놀이터"
위탁관리,위탁관리,종합계약,위탁관리,상주선임,R형,음식물쓰레기종량제,위탁관리,무,위탁관리,철근콘크리트구조,고가수조식,"병원(삼성마취통증의원, 중앙의원) 공원(갈산근린공원)","도포식,분무식","초등학교(은정,갈산, 계남) 중학교(봉명여) 고등학교(목동)",한국주택시설관리(주),A15807703,10,목동2차우성,201,11,12,4400,35,464,912,12,(주)듀델코리아,5분이내,10~15분이내,2호선,양천구청,
위탁관리,위탁관리,단일계약,위탁관리,위탁선임,P형,음식물쓰레기종량제,위탁관리,무,위탁관리,철근콘크리트구조,부스타방식,"관공서(양천세무서) 병원(다민한의원, 신천호한의원) 백화점(목동현대백화점) 공원(양천공원)","도포식,분무식",초등학교(신목) 중학교(목동) 고등학교(신목),(주)두온종합관리,A15876401,4,서울주택도시공사 목동현대B 임대아파트,52,2,20,1200,6,40,142,4,(주)이데아그룹,5~10분이내,15~20분이내,5호선,오목교역,"관리사무소, 노인정, 주민공동시설, 어린이놀이터, 휴게시설, 자전거보관소"
위탁관리,위탁관리,종합계약,위탁관리,위탁선임,R형,,위탁관리,무,위탁관리,철골철근콘크리트구조,부스타방식,관공서(신월 4동주민센터) 병원( 강봉수내과의원) 기타( 경창종합시장),"도포식,분무식","초등학교(강서, 신강) 중학교(신남, 양강) 고등학교(백안, 금옥여고, 신서)",(주)신원티엠씨(TMC),A15883201,5,양천벽산블루밍,96,4,12,2540,18,156,341,6,,5~10분이내,20분초과,"2호선, 5호선","신정네거리, 신정","관리사무소, 노인정, 어린이놀이터, 휴게시설, 자전거보관소"
위탁관리,위탁관리,단일계약,위탁관리,위탁선임,P형,음식물쓰레기종량제,위탁관리,무,위탁관리,철근콘크리트구조,부스타방식,관공서(신월 6동주민센터) 병원( 문형한내과의원) 공원(금실어린이공원) 기타( 신곡종합시장),분무식,"초등학교(강서, 신남) 중학교(강신) 고등학교()",세화종합관리(주),A15809601,6,신월대주파크빌,25,2,12,500,5,62,120,2,세화종합관리,5분이내,10~15분이내,"2호선, 7호선","신정네거리, 신정","관리사무소, 노인정, 어린이놀이터, 자전거보관소"
위탁관리,위탁관리,단일계약,위탁관리,위탁선임,P형,음식물쓰레기종량제,위탁관리,무,위탁관리,철근콘크리트구조,고가수조식,"관공서() 병원(힘찬병원, 유디치과) 백화점(현대) 대형상가(하이마트) 공원()","도포식,분무식","초등학교(목운, 목동) 중학교(목운, 목동) 고등학교(진명여고)",(주)신대한관리,A15882103,3,목동진도2차,32,2,12,700,4,40,164,3,(주)한국경영관리,5분이내,5분이내,5호선,오목교,"관리사무소, 노인정, 주민공동시설, 어린이놀이터, 자전거보관소"
위탁관리,위탁관리,단일계약,위탁관리,위탁선임,P형,거점장비수거방식,위탁관리,무,위탁관리,철근콘크리트구조,부스타방식,공원(근린공원),분무식,초등학교(양강) 중학교(양강),에이제이대원 주식회사,A15883702,2,신월서울가든,26,2,4,550,3,213,0,4,한양시스템(주),5분이내,10~15분이내,"2호선, 5호선","신정d역, 신정네거리,까치산역","관리사무소, 어린이놀이터, 커뮤니티공간, 자전거보관소"
위탁관리,위탁관리,종합계약,위탁관리,상주선임,R형,음식물쓰레기종량제,위탁관리,유,위탁관리,철근콘크리트구조,부스타방식,"병원(서울탑치과의원) 백화점(현대) 대형상가(이마트,까르푸) 공원(오목근린공원)","도포식,분무식,기구부착식","초등학교(목동,서정) 고등학교(진명여고)",광인산업(주),A15870101,13,목동트라팰리스,240,15,12,5000,18,1120,0,21,신화비엠씨,5~10분이내,5~10분이내,5호선,"오목교,목동","관리사무소, 노인정, 주민공동시설, 휴게시설, 커뮤니티공간, 자전거보관소"
자치관리,위탁관리,단일계약,,선정안함,기타,음식물쓰레기종량제,자치관리,무,자치관리,철근콘크리트구조,부스타방식,"관공서(신월7동주민센터) 병원(이대목동, 홍익,서남) 공원(서서울호수공원 , 오솔길공원) 기타( 국립과학수사연구원)","분무식,독이식","초등학교(강월) 중학교(양천) 고등학교(양천,백암,금옥)",,A15809702,2,신월신안파크,16,2,12,4,,396,0,6,,5~10분이내,20분초과,"2호선, 5호선, 공항철도","신정, 신정네거리","관리사무소, 노인정, 어린이놀이터, 휴게시설, 자전거보관소"
위탁관리,위탁관리,종합계약,위탁관리,위탁선임,R형,음식물쓰레기종량제,위탁관리,무,위탁관리,철근콘크리트구조,부스타방식,"관공서(신월 2, 4동주민센터) 병원(로고스한의원) 공원(근린공원)","도포식,분무식","초등학교(강서, 신강) 중학교(강신)",남경종합관리(주),A15809502,2,수명산롯데캐슬,70,2,12,1225,13,2,235,2,남경종합관리(주),5분이내,15~20분이내,5호선,"신정네거리, 신정","관리사무소, 노인정, 보육시설, 주민공동시설, 어린이놀이터, 자전거보관소"
위탁관리,위탁관리,종합계약,위탁관리,위탁선임,P형,음식물쓰레기종량제,위탁관리,무,위탁관리,철근콘크리트구조,부스타방식,관공서(신월4동주민센터) 공원(오솔길실버공원),분무식,"초등학교(강서, 신강)",(주)신대한관리,A15809401,1,신월2차보람쉬움,27,1,6,550,7,39,132,2,듀델코리아,5~10분이내,20분초과,"2호선, 5호선","신정, 신정네거리","관리사무소, 노인정, 어린이놀이터, 자전거보관소"
위탁관리,위탁관리,종합계약,위탁관리,위탁선임,R형,기타,위탁관리,유,위탁관리,철근콘크리트구조,부스타방식,관공서(신월4동주민센터) 대형상가(경창시장) 공원(오솔길근린공원),독이식,"초등학교(강서, 신강) 중학교(양강)",(주)신원TMC,A15883202,4,양천롯데캐슬,70,3,4,1750,22,0,330,4,(주)상우시스템,5분이내,10~15분이내,"2호선, 5호선",,"관리사무소, 노인정, 보육시설, 문고, 주민공동시설, 어린이놀이터, 유치원, 자전거보관소"
위탁관리,위탁관리,단일계약,위탁관리,위탁선임,P형,음식물쓰레기종량제,위탁관리,무,위탁관리,철근콘크리트구조,부스타방식,"관공서(신월 2, 4동주민센터) 병원(로고스한의원) 공원(근린공원)","분무식,독이식","초등학교(강서, 신강) 중학교(강신)",인덕종합관리(주),A15809403,2,신월대성유니드,51,4,12,900,10,89,221,4,한국경영관리,5분이내,15~20분이내,"2호선, 5호선","신정네거리, 신정","관리사무소, 노인정, 어린이놀이터, 자전거보관소"
위탁관리,위탁관리,단일계약,위탁관리,상주선임,R형,음식물쓰레기종량제,위탁관리,유,위탁관리,철근콘크리트구조,부스타방식,"관공서(목4동주민센터) 병원(홍익병원) 백화점(현대백화점) 대형상가(이마트,홈플러스) 공원(파리공원)","분무식,독이식",초등학교(영도) 중학교(영도중학교) 고등학교(강서고),세화종합관리(주),A15805403,4,목동금호어울림,111,4,12,1450,18,51,519,6,위더스엠엔씨,5분이내,10~15분이내,5호선,목동역,"관리사무소, 노인정, 어린이놀이터, 휴게시설, 자전거보관소"
위탁관리,위탁관리,단일계약,위탁관리,상주선임,GR형,음식물쓰레기종량제,위탁관리,무,위탁관리,철근콘크리트구조,고가수조식,공원(근린공원) 기타(서부화물트럭터미널),분무식,"초등학교(지향, 강월, 신은) 중학교(강신, 금옥) 고등학교(백암, 금옥여, 양천)",서림주택관리(주),A15886512,5,신정학마을1단지,56,6,12,1650,11,0,467,6,(주)국보종합관리,5~10분이내,20분초과,2호선,신정네거리역,"관리사무소, 노인정, 보육시설, 주민공동시설, 어린이놀이터, 유치원, 자전거보관소"
위탁관리,위탁관리,단일계약,위탁관리,상주선임,R형,음식물쓰레기종량제,위탁관리,무,위탁관리,철근콘크리트구조,고가수조식,관공서(신정3동 현장민원실) 병원(서남병원) 공원(근린공원) 기타(서부화물트럭터미널. 양천공영차고지),"도포식,분무식,독이식","초등학교(지향, 강월, 신은) 중학교(강신) 고등학교(대일관광, 백암, 금옥여, 양천)",유원종합관리(주),A15886507,5,신정푸른마을3단지,111,5,4,1737,12,9,409,8,유원종합관리(주),5분이내,20분초과,2호선,신정네거리역,"관리사무소, 노인정, 주민공동시설, 어린이놀이터, 커뮤니티공간, 자전거보관소"
위탁관리,위탁관리(직영+위탁),종합계약,위탁관리,위탁선임,P형,음식물쓰레기종량제,위탁관리,무,위탁관리,철근콘크리트구조,고가수조식,"관공서(목4동주민센터, 화곡4동우체국) 병원(경희정원한의원) 대형상가( 삼성디지털프라자, 이마트) 공원(모세미어린이공원, 파리공원) 기타(양천도서관)","분무식,독이식","초등학교(정목, 신정) 중학교(신목, 영도) 고등학교(강서고, 대일고)",국제경보산업(주),A15805101,2,목동대원칸타빌,48,2,4,850,6,38,164,2,국제경보산업,5분이내,5~10분이내,5호선,목동,"관리사무소, 노인정, 어린이놀이터, 자전거보관소"
위탁관리,위탁관리,종합계약,위탁관리,위탁선임,R형,음식물쓰레기종량제,위탁관리,유,위탁관리,철근콘크리트구조,부스타방식,관공서(강서교육청) 병원(메디힐병원) 기타(송화시장),도포식,"초등학교(강신) 중학교(신월) 고등학교(화곡,광영)",우리관리(주),A15882201,3,신월수명산SK-VIEW,50,2,12,950,6,0,296,2,코리아이지텔,5분이내,15~20분이내,5호선,화곡,"관리사무소, 노인정, 주민공동시설, 어린이놀이터, 자전거보관소"
위탁관리,위탁관리,단일계약,위탁관리,상주선임,R형,음식물쓰레기종량제,위탁관리,무,위탁관리,철근콘크리트구조,고가수조식,공원(근린공원) 기타(서부화물트럭터미널),"분무식,기구부착식","초등학교(지향, 강월, 신은) 중학교(강신, 금옥) 고등학교(백암, 금옥여, 양천)",(주)위탁관리,A15886505,5,신정푸른마을4단지,103,4,12,1000,14,40,426,8,(주)경진관리,5~10분이내,20분초과,2호선,신정네거리역,"관리사무소, 노인정, 주민공동시설, 어린이놀이터, 유치원"
위탁관리,위탁관리,단일계약,위탁관리,상주선임,R형,음식물쓰레기종량제,위탁관리,무,위탁관리,철근콘크리트구조,부스타방식,관공서(남부지방법원) 병원(홍익병원) 백화점(목동현대백화점) 대형상가(하이마트) 공원(양천공원),분무식,"초등학교(목동, 신목) 중학교(목동) 고등학교( 진명여)",주식회사 대한주택관리,A15807210,6,신정동아이파크,100,8,4,2000,17,19,826,10,신세기시스템,5~10분이내,5~10분이내,5호선,오목교역,"관리사무소, 노인정, 어린이놀이터, 휴게시설, 자전거보관소"
위탁관리,위탁관리,단일계약,위탁관리,상주선임,P형,음식물쓰레기종량제,위탁관리,무,위탁관리,철근콘크리트구조,부스타방식,"관공서(양천구청, 양천경찰서) 병원(튼튼한정형외과의원) 대형상가(센트럴플라자) 공원(양천공원, 신트리공원) 기타(체육센터)","도포식,분무식,독이식","초등학교(갈산) 중학교(신목) 고등학교(신목, 목동)",(주)쌍용개발,A15807605,22,목동13단지,360,22,4,4750,42,1625,0,100,(주)동익,5분이내,5~10분이내,2호선,양천구청,"관리사무소, 노인정, 주민공동시설, 어린이놀이터, 휴게시설, 커뮤니티공간, 자전거보관소"
위탁관리,위탁관리,종합계약,위탁관리,상주선임,R형,음식물쓰레기종량제,위탁관리,유,위탁관리,철근콘크리트구조,부스타방식,관공서() 병원(서남병원) 공원(근린) 기타(서부트럭터미널),분무식,"초등학교(강월,신은) 중학교(강신, 양천) 고등학교(백암,금옥여) 대학교()",세화종합관리(주),A15870701,5,신정이펜하우스1단지(총세대 기준),71,5,16,360,18,58,536,6,(주)이데아그룹,5~10분이내,5~10분이내,"2호선, 7호선",신정네거리,"관리사무소, 노인정, 보육시설, 문고, 주민공동시설, 어린이놀이터, 휴게시설, 유치원, 커뮤니티공간, 자전거보관소, 기타"
위탁관리,위탁관리,종합계약,위탁관리,상주선임,P형,음식물쓰레기종량제,위탁관리,무,위탁관리,철근콘크리트구조,고가수조식,"관공서(목1동주민센터) 병원(힘찬) 백화점(현대) 대형상가(현대백화점, 홈플러스) 공원(오목공원)","도포식,분무식",초등학교(목운) 중학교(목운) 고등학교(진명여고),(주)한빛관리,A15882008,4,목동현대1차,35,2,12,1100,6,64,134,3,나래종합관리,5분이내,5분이내,5호선,오목교,"관리사무소, 노인정, 어린이놀이터"
위탁관리,위탁관리,단일계약,위탁관리,상주선임,GR형,음식물쓰레기종량제,위탁관리,무,위탁관리,철근콘크리트구조,고가수조식,공원(근린공원) 기타(서부화물트럭터미널),"도포식,분무식,독이식","초등학교(지향, 강월, 신은) 중학교(강신) 고등학교(백암, 금옥여, 양천)",우진관리 주식회사,A15886508,5,신정푸른마을2단지,92,4,12,1300,11,48,326,6,(주)상일테크,5~10분이내,20분초과,"2호선, 5호선",신정네거리역,"관리사무소, 노인정, 어린이놀이터, 커뮤니티공간, 자전거보관소"
위탁관리,위탁관리,기타,위탁관리,상주선임,R형,음식물쓰레기종량제,위탁관리,무,위탁관리,철근콘크리트구조,부스타방식,"병원(가람한의원) 공원(해누리체육공원, 양천어린이교통공원, 갈산근린공원)",,"초등학교(은정,갈산) 중학교(목일) 고등학교(신목)",삼정알엠씨(주),A15807707,14,신정양천,276,15,,2600,42,567,700,24,(주)대한주택관리,5분이내,5분이내,2호선,양천구청,"관리사무소, 노인정, 보육시설, 어린이놀이터"
위탁관리,위탁관리,단일계약,위탁관리,상주선임,P형,음식물쓰레기종량제,위탁관리,무,위탁관리,철근콘크리트구조,고가수조식,"관공서(양천세무서) 병원(다민한의원, 신천호한의원) 백화점(목동현대백화점) 공원(양천공원)",,초등학교(신목) 중학교(목동) 고등학교(신목),(주)무림하우징,A15807211,10,목동현대아파트,129,9,4,3000,25,388,874,12,엘림테크,5~10분이내,10~15분이내,5호선,오목교역,"관리사무소, 노인정, 어린이놀이터, 유치원, 자전거보관소"
위탁관리,위탁관리,단일계약,위탁관리,상주선임,P형,음식물쓰레기종량제,위탁관리,무,위탁관리,철근콘크리트구조,고가수조식,"관공서(묵5동주민센터, 목동 우체국) 병원(이대목동병원) 공원(파리, 목마공원)","도포식,분무식,기구부착식","초등학교(목원, 월촌, 경인) 중학교(신목) 고등학교(한가람, 양정)",(주)무림하우징,A15805503,14,목동4단지,118,9,12,3000,22,1820,0,28,(주)앰앰아이,5분이내,5~10분이내,"5호선, 9호선",신목동,"관리사무소, 노인정, 주민공동시설, 어린이놀이터, 유치원, 자전거보관소"
위탁관리,위탁관리,단일계약,위탁관리,상주선임,R형,음식물쓰레기종량제,위탁관리,유,위탁관리,철근콘크리트구조,부스타방식,관공서(신월4동주민센터) 병원( 서남병원) 공원(근린공원) 기타(서부화물트럭터미널),분무식,"초등학교(지향, 장수) 중학교(강신) 고등학교(백암, 금옥여, 양ㅊ언)",우리관리(주),A15807315,10,신정동일하이빌,210,10,12,4300,22,0,1105,11,(주)강일기업,5~10분이내,20분초과,"2호선, 5호선",신정네거리역,"관리사무소, 노인정, 보육시설, 문고, 주민공동시설, 어린이놀이터, 유치원, 커뮤니티공간, 자전거보관소"
위탁관리,위탁관리,종합계약,위탁관리,기타,기타,차량수거방식,위탁관리,무,자치관리(직영),철근콘크리트구조,고가수조식,"관공서(묵3동우체국) 병원(푸른가정의학과의원) 대형상가( 삼성디지털프라자, 이마트) 공원(모세미어린이공원, 파리공원) 기타(양천도서관)","도포식,분무식","초등학교(정목, 영도) 중학교(신목, 영도) 고등학교(강서고, 대일고)",세화종합관리(주),A15881702,4,목동성원,23,1,12,823,5,12,164,2,,5분이내,15~20분이내,9호선,염창,"관리사무소, 어린이놀이터"
위탁관리,위탁관리,단일계약,위탁관리,상주선임,GR형,음식물쓰레기종량제,위탁관리,무,위탁관리,철근콘크리트구조,부스타방식,공원(근린공원) 기타(서부화물트럭터미널),분무식,"초등학교(지향, 강월, 신은,매봉) 중학교(강신, 금옥) 고등학교(백암, 금옥여, 양천)",(주)융성종합관리,A15886510,5,신정학마을2단지,93,2,4,1300,8,0,320,4,삼대개발(주),5~10분이내,20분초과,2호선,신정네거리역,"관리사무소, 노인정, 보육시설, 문고, 어린이놀이터, 커뮤니티공간, 자전거보관소"
위탁관리,위탁관리,종합계약,위탁관리,상주선임,R형,음식물쓰레기종량제,위탁관리,무,위탁관리,철근콘크리트구조,부스타방식,관공서(목2동주민센터) 공원(용왕산근린공원),"도포식,분무식,기구부착식,독이식",초등학교(양화) 중학교(양동) 고등학교(강서고),에이제이대원 주식회사,A15805303,10,목동롯데캐슬위너,157,14,12,3500,25,20,1399,12,예주산업(주),5분이내,5~10분이내,9호선,염창,"관리사무소, 노인정, 보육시설, 문고, 주민공동시설, 어린이놀이터, 자전거보관소"
위탁관리,위탁관리,단일계약,위탁관리,상주선임,P형,음식물쓰레기종량제,위탁관리,무,위탁관리,철근콘크리트구조,고가수조식,관공서(등촌2동사무소. 목3동사무소) 병원(오수진치과의원.  실로암 안과) 대형상가(목동시장) 공원(봉제산),분무식,초등학교(등마초등학교) 중학교() 고등학교(대일고),세화종합관리(주),A15805302,5,목동2차성원아파트,89,5,12,1600,12,108,322,6,(주)에스알피,5분이내,10~15분이내,"5호선, 9호선",5호선 목동역.   9호선 등촌역,"관리사무소, 노인정, 어린이놀이터, 자전거보관소"
위탁관리,위탁관리,단일계약,위탁관리,위탁선임,P형,차량수거방식,위탁관리,무,자치관리,철근콘크리트구조,고가수조식,"관공서(양천우체국) 병원(푸른가정의학과의원) 대형상가( 삼성디지털프라자, 이마트) 공원(모세미어린이공원, 파리공원) 기타(양천도서관)",분무식,"초등학교(정목, 영도) 중학교(신목, 영도) 고등학교(강서고, 대일고)",한영파트너스에프에이치,A15881701,1,목동금강에스쁘아,32,2,4,732,5,45,115,4,,5분이내,15~20분이내,9호선,염창,"관리사무소, 노인정, 어린이놀이터"
위탁관리,위탁관리,단일계약,위탁관리,상주선임,P형,음식물쓰레기종량제,위탁관리,유,위탁관리,철근콘크리트구조,고가수조식,관공서(신정3동주민센터) 병원(서남병원) 공원(계남제1근린공원),"도포식,분무식","초등학교(지양) 중학교(금옥) 고등학교(백암,금옥여,양천고)",태림주택종합관리(주),A15885514,7,신정6차현대,113,7,12,1750,15,31,778,6,인덕종합관리,5분이내,15~20분이내,"1호선, 5호선",오류역.목동역,"관리사무소, 노인정, 보육시설, 어린이놀이터, 자전거보관소"
위탁관리,위탁관리,단일계약,위탁관리,위탁선임,P형,차량수거방식,위탁관리,무,위탁관리,철근콘크리트구조,부스타방식,"관공서(목1동주민센터) 병원(힘찬) 백화점(현대백화점) 대형상가(홈플러스,이마트,행복한세상) 공원(오목공원)",분무식,초등학교(서정) 중학교(목운) 고등학교(진명여고),(주)미래에이비엠,A15870102,1,목동현대A,44,2,16,800,6,25,180,4,(주)미래에이비엠,5분이내,5분이내,5호선,오목교,"관리사무소, 노인정, 어린이놀이터, 휴게시설, 커뮤니티공간, 자전거보관소"
위탁관리,위탁관리,단일계약,위탁관리,상주선임,R형,차량수거방식,위탁관리,유,위탁관리,철근콘크리트구조,부스타방식,관공서(신월 6동 주민센터) 공원(근린공원) 기타(서부화물트럭터미널),분무식,"초등학교(지향, 장수) 중학교(오류, 강신) 고등학교(백암,금옥여)",(주)케이엠산업,A15879502,8,신정이펜하우스3단지,478,10,12,5000,35,9,1475,6,듀델코리아,5~10분이내,20분초과,7호선,신정네거리,"관리사무소, 노인정, 보육시설, 문고, 주민공동시설, 어린이놀이터, 휴게시설, 커뮤니티공간, 자전거보관소"
위탁관리,위탁관리,단일계약,위탁관리,상주선임,R형,음식물쓰레기종량제,위탁관리,무,위탁관리,철근콘크리트구조,부스타방식,관공서(신정3동우체국) 병원(변정섭내과의원) 백화점(목동현대) 공원(신트리공원),독이식,"초등학교(신기, 남명) 중학교(봉영여, 신남) 고등학교(양천고, 금옥여고, 백암고)",(주)케이엠산업,A15807313,6,신트리2단지,113,2,12,1150,8,12,365,4,(주)코리아종합관리,5분이내,10~15분이내,2호선,신정네거리역,"관리사무소, 노인정, 보육시설, 주민공동시설, 어린이놀이터, 휴게시설, 유치원, 자전거보관소, 기타"
위탁관리,위탁관리,단일계약,위탁관리,상주선임,R형,차량수거방식,위탁관리,무,위탁관리,철근콘크리트구조,고가수조식,공원(근린공원) 기타(서부화물트럭터미널),"도포식,분무식,기구부착식,독이식","초등학교(지향, 강월, 신은) 중학교(강신) 고등학교(백암, 금옥여, 양천)",(주)한빛관리,A15879501,5,신정푸른마을1단지임대,36,2,12,1150,7,0,380,4,(주)이오티엔디,5~10분이내,20분초과,2호선,신정네거리역,"관리사무소, 노인정, 보육시설, 주민공동시설, 어린이놀이터, 휴게시설, 커뮤니티공간, 자전거보관소"
위탁관리,위탁관리,단일계약,위탁관리,상주선임,P형,음식물쓰레기종량제,위탁관리,무,위탁관리,철근콘크리트구조,부스타방식,"관공서(양천구청, 양천경찰서) 병원(튼튼한정형외과의원) 백화점(현대백화점) 공원(양천공원, 신트리공원) 기타(체육센터)","분무식,독이식","초등학교(신서,양명,계남) 중학교(신서,봉명여중) 고등학교(목동고)",(주)무림하우징,A15807705,17,목동11단지,168,12,8,3653.5,30,1100,0,33,경진이앤지,5분이내,5~10분이내,2호선,양천구청역,"관리사무소, 노인정, 문고, 어린이놀이터, 커뮤니티공간, 자전거보관소, 기타"
위탁관리(직영+위탁),위탁관리,단일계약,위탁관리,위탁선임,P형,기타,위탁관리,무,위탁관리(직영+위탁),철근콘크리트구조,압력탱크식,관공서(신월 6동주민센터) 병원( 문형한내과의원) 공원(금실어린이공원) 기타( 신곡종합시장),"분무식,기구부착식","초등학교(강서, 신남) 중학교(강신) 고등학교()",일신주택관리(주),A15809201,2,신도신월1차,32,2,4,975,9,79,119,2,,5분이내,15~20분이내,"2호선, 5호선","신정네거리, 신정","관리사무소, 노인정, 어린이놀이터, 자전거보관소"
위탁관리,위탁관리,단일계약,위탁관리,위탁선임,P형,거점장비수거방식,위탁관리,무,자치관리(직영),철근콘크리트구조,고가수조식,"관공서(목3동우체국) 병원(푸른가정의학과의원,) 백화점(현대백화점) 대형상가( 삼성디지털프라자, 이마트, 홈플러스) 공원(모세미어린이공원, 파리공원) 기타(양천도서관)","도포식,분무식","초등학교(정목, 영도) 중학교(신목, 영도) 고등학교(강서고, 대일고)",(주)한영파트너스에프에이치,A15881601,4,목동극동늘푸른,36,2,12,900,5,39,168,2,,5분이내,15~20분이내,"2호선, 9호선",염창,"관리사무소, 노인정, 보육시설, 어린이놀이터, 휴게시설, 자전거보관소"
위탁관리,위탁관리,종합계약,위탁관리,상주선임,P형,음식물쓰레기종량제,위탁관리,무,위탁관리,철근콘크리트구조,부스타방식,"관공서(양천세무서) 병원(다민한의원, 신천호한의원) 백화점(목동현대백화점) 공원(양천공원)","도포식,분무식,독이식",초등학교(신목) 중학교(목동) 고등학교(신목),태림주택종합관리(주),A15807208,5,목동삼성래미안,52,4,12,1650,10,175,325,8,남경종합관리.주,5~10분이내,15~20분이내,"2호선, 5호선",오목교역,"관리사무소, 노인정, 주민공동시설, 어린이놀이터, 자전거보관소"
위탁관리,위탁관리,단일계약,위탁관리,상주선임,P형,음식물쓰레기종량제,위탁관리,무,위탁관리,철근콘크리트구조,고가수조식,"관공서(양천구청, 양천경찰서) 공원(양천공원, 신트리공원) 기타(체육센터)",분무식,"초등학교(은저, 갈산, 신목) 중학교(목일, 목동) 고등학교(신목)",세화종합관리(주),A15807606,28,목동14단지,449,23,4,7700,68,1745,130,75,(주)와이번스안전관리시스템,5분이내,10~15분이내,"2호선, 5호선","오목교, 양천구청","관리사무소, 노인정, 주민공동시설, 어린이놀이터"
위탁관리,위탁관리,종합계약,위탁관리,위탁선임,P형,음식물쓰레기종량제,위탁관리,무,위탁관리,철근콘크리트구조,고가수조식,관공서(서울남부지방법원) 병원(서울탑치과의원),"도포식,분무식,기구부착식,기구설치식,독이식","초등학교(서정, 목동) 중학교(목동) 고등학교(진명여고, 신서고)",(주)신대한관리,A15882104,3,목동진도1차,29,2,12,1000,4,177,35,2,인덕종합관리(주),5분이내,5~10분이내,5호선,목동,"관리사무소, 노인정, 어린이놀이터"
위탁관리,위탁관리,종합계약,위탁관리,상주선임,R형,음식물쓰레기종량제,위탁관리(총액관리제),유,위탁관리,철골콘크리트구조,고가수조식,"관공서(묵5동주민센터) 병원(이대목동병원) 백화점(현대백화점,행복한 백화점) 대형상가(농협 하나로 마트) 공원(파리, 목마공원)","분무식,독이식","초등학교(목원, 월촌, 경인) 중학교(월촌, 양정) 고등학교(한가람, 양정)",(주)세안텍스,A15805502,6,목동트윈빌,80,6,12,3000,8,0,518,4,(주)에스원,5분이내,10~15분이내,"5호선, 9호선",오목교역,"관리사무소, 노인정, 커뮤니티공간, 자전거보관소"
위탁관리,위탁관리,단일계약,위탁관리,상주선임,P형,음식물쓰레기종량제,위탁관리,무,위탁관리,철근콘크리트구조,수도직결식,"관공서(양천구청, 양천경찰서) 공원(양천공원, 신트리공원) 기타(한국전력공사, 신정제일시장)","도포식,분무식","초등학교(신서,양명) 중학교(신서)",서일개발(주),A15873701,19,목동10단지,196,20,12,4450,48,1411,0,58,강일기업,5분이내,5~10분이내,2호선,신정네거리,"관리사무소, 노인정, 어린이놀이터"
위탁관리,위탁관리,종합계약,위탁관리,위탁선임,P형,음식물쓰레기종량제,위탁관리,무,위탁관리,철근콘크리트구조,부스타방식,관공서(양천구청) 병원(다민한의원) 백화점(목동현대) 공원(양천공원),"도포식,기구부착식,독이식","초등학교(신목, 목동) 중학교(목동, 목일) 고등학교(신목)",(주)신대한관리,A15807204,4,신정현대,36,2,12,900,2,70,113,4,(주)코리아종합관리,5분이내,15~20분이내,5호선,오목교역,"관리사무소, 노인정, 어린이놀이터, 자전거보관소"
위탁관리,위탁관리,종합계약,위탁관리,상주선임,R형,거점장비수거방식,자치관리,무,위탁관리,철근콘크리트구조,부스타방식,"공원(양천어린이교통공원, 길산근린공원) 기타(신정빗물펌프장)","도포식,분무식,기구부착식,독이식","초등학교(은정초,갈산초,계남초) 중학교(봉영여) 고등학교(목동)",,A15807701,3,신정세양청마루,98,4,12,2400,11,0,350,4,(주)삼호안전,5~10분이내,10~15분이내,2호선,양천구청역,"관리사무소, 노인정, 주민공동시설, 어린이놀이터, 자전거보관소"
자치관리(직영),위탁관리,단일계약,위탁관리,위탁선임,GR형,음식물쓰레기종량제,위탁관리,무,위탁관리,철골콘크리트구조,부스타방식,관공서(신월 6동주민센터) 병원( 문형한내과의원) 공원(금실어린이공원) 기타( 신곡종합시장),"도포식,분무식","초등학교(강서, 신남) 중학교(강신)",광인산업(주),A15809001,1,신월대방샤인힐,30,1,4,700,5,48,101,2,조현시스템,5분이내,20분초과,"2호선, 5호선","신정네거리, 신정","관리사무소, 노인정, 어린이놀이터"
위탁관리,위탁관리,종합계약,위탁관리,상주선임,R형,음식물쓰레기종량제,자치관리,무,위탁관리,일반철골구조,고가수조식,"관공서(묵5동주민센터) 병원(이대목동병원) 공원(파리, 목마공원)",분무식,"초등학교(목원, 월촌, 경인) 중학교(월촌, 양정) 고등학교(한가람, 양정)",자치관리,A15805501,6,목동부영그린타운2차,50,6,12,1100,8,0,398,6,오행종합개발(주),5분이내,15~20분이내,"3호선, 9호선",신목동,"관리사무소, 노인정, 문고, 주민공동시설, 휴게시설"
위탁관리,위탁관리,단일계약,위탁관리,위탁선임,P형,음식물쓰레기종량제,위탁관리,무,위탁관리,철근콘크리트구조,부스타방식,"관공서(양천세무서) 병원(다민한의원, 신천호한의원) 백화점(목동현대백화점) 공원(양천공원) 기타(안양천)","도포식,분무식",초등학교(신목) 중학교(목동) 고등학교(신목),(주)두온종합관리,A15876402,3.5,신정삼성SH임대,43,2,4,800,6,35,142,4,(주)삼우안전관리,5~10분이내,15~20분이내,"2호선, 5호선",오목교역,"관리사무소, 노인정, 어린이놀이터, 휴게시설, 커뮤니티공간, 자전거보관소"
위탁관리,위탁관리,종합계약,위탁관리,위탁선임,P형,기타,위탁관리,유,위탁관리,철근콘크리트구조,고가수조식,관공서(신정2동주민센터) 병원(다민한의원) 백화점(현대백화점) 공원(양천공원),"분무식,독이식",초등학교(목동) 중학교(목동) 고등학교(진명여고),(주)무림하우징,A15884901,1,유원목동,14,2,6,645,6,143,0,2,경진이엔지,5분이내,5분이내,5호선,오목교,"관리사무소, 노인정, 어린이놀이터, 자전거보관소"
위탁관리,위탁관리,종합계약,위탁관리,위탁선임,P형,음식물쓰레기종량제,위탁관리,무,위탁관리,철근콘크리트구조,부스타방식,"관공서(목1동주민센터) 병원(힘찬) 대형상가(현대백화점, 이마트) 공원(오목공원)","도포식,분무식",초등학교(목동초등학교) 중학교(목운) 고등학교(진명여고),(주)한빛관리,A15882006,2,목동현대2차,39,2,12,800,6,48,119,2,(주)상원써비스,5분이내,5분이내,5호선,오목교,"관리사무소, 노인정, 어린이놀이터, 자전거보관소"
위탁관리,위탁관리,단일계약,위탁관리,상주선임,기타,음식물쓰레기종량제,위탁관리,무,위탁관리,철근콘크리트구조,부스타방식,관공서(신월6동주민센터) 병원( 문형한내과의원) 기타( 신곡종합시장),"분무식,기구부착식","초등학교(양강, 강서) 중학교(강신, 신남)",세화종합관리(주),A15884202,5,신월신안약수,20,4,12,950,9,412,0,7,코리아이지텔,5~10분이내,10~15분이내,2호선,신정네거리,"관리사무소, 노인정, 어린이놀이터"
위탁관리,위탁관리,기타,위탁관리,위탁선임,P형,음식물쓰레기종량제,위탁관리,무,위탁관리,철근콘크리트구조,고가수조식,"관공서(목1동 주민센터) 병원(홍익병원) 백화점(현대백화점, 이마트, 홈플러스)","분무식,독이식",초등학교(목운초) 중학교(목운중),에이제이대원 주식회사,A15805105,4,목동성원,40,2,20,350,7,35,160,2,(유)탄천산업,5분이내,5~10분이내,5호선,"오목교, 신목동","관리사무소, 노인정, 어린이놀이터"
위탁관리,위탁관리,단일계약,위탁관리,상주선임,R형,음식물쓰레기종량제,위탁관리,유,위탁관리,철근콘크리트구조,부스타방식,관공서() 공원(),분무식,중학교(),우리관리(주),A15883402,8,신정뉴타운롯데캐슬,212,12,12,5150,22,0,1005,6,코리아이지텔주식회사,5~10분이내,15~20분이내,2호선,,"관리사무소, 노인정, 보육시설, 문고, 주민공동시설, 어린이놀이터, 휴게시설, 커뮤니티공간, 자전거보관소"
자치관리(직영),위탁관리,종합계약,위탁관리,위탁선임,P형,음식물쓰레기종량제,위탁관리,무,자치관리(직영),조적구조,고가수조식,,"분무식,독이식",,(주)무림하우징,A15883101,2,신월성원,24,2,12,690,4,12,133,2,,5분이내,10~15분이내,5호선,,"관리사무소, 노인정, 어린이놀이터"
위탁관리,위탁관리,종합계약,위탁관리,상주선임,R형,차량수거방식,위탁관리,무,위탁관리,철근콘크리트구조,부스타방식,병원(가람한의원) 공원(길산근린공원),"도포식,분무식,기구부착식,독이식","초등학교(계남,은정, 갈산) 중학교(봉영여) 고등학교(목동)",한국주택시설관리(주),A15873902,5,양천중앙하이츠,142,4,12,2100,18,5,486,4,에스원,5~10분이내,10~15분이내,2호선,양천구청,"관리사무소, 노인정, 주민공동시설, 어린이놀이터, 휴게시설, 자전거보관소"
위탁관리,위탁관리,단일계약,위탁관리,위탁선임,R형,음식물쓰레기종량제,위탁관리,유,위탁관리,철근콘크리트구조,부스타방식,,분무식,초등학교() 중학교() 고등학교(),(주)다보산업관리,A15807005,1,신정도시마을,35,1,4,300,2,0,67,2,서호씨엠,5분이내,,,,"관리사무소, 주민공동시설, 커뮤니티공간"
위탁관리,위탁관리,단일계약,위탁관리,상주선임,P형,음식물쓰레기종량제,위탁관리,유,위탁관리,철근콘크리트구조,고가수조식,"관공서(목동119안전센터, 서울지방식약청) 병원(이대목동병원)","도포식,분무식,기구부착식,독이식","초등학교(목원, 월촌) 고등학교(강서, 양정)",(주)동우개발,A15805002,15,목동한신청구,179,13,4,4800,51,711,648,46,(주)동신종합관리,5분이내,5분이내,9호선,신목동,"관리사무소, 노인정, 보육시설, 주민공동시설, 어린이놀이터, 휴게시설, 유치원, 자전거보관소"
자치관리,,,,,,,자치관리,,,,,,,,,A15809701,3,신월길훈,,2,5,30,0,274,,4,,,,,,
위탁관리,위탁관리,종합계약,위탁관리,상주선임,R형,음식물쓰레기종량제,위탁관리,유,위탁관리,철근콘크리트구조,부스타방식,,"도포식,분무식,독이식",,서림주택관리(주),A15809002,5,신정이펜하우스2단지,293,4,12,327,45,21,622,6,백송종합관리,5~10분이내,20분초과,"2호선, 5호선",,"관리사무소, 노인정, 보육시설, 문고, 주민공동시설, 어린이놀이터, 자전거보관소"
자치관리(직영),위탁관리,단일계약,위탁관리,위탁선임,P형,차량수거방식,위탁관리,무,자치관리(직영),철근콘크리트구조,부스타방식,관공서(등촌2동 주민센터) 병원(햇살가득한가정의학과의원) 공원(용왕산근린공원),"도포식,분무식","초등학교(정묵) 중학교(신목, 영도) 고등학교(강서고, 대일고)",서일개발,A10028007,4,동구햇살,16,1,12,450,3,29,60,2,서일개발,5분이내,10~15분이내,"5호선, 9호선",등촌,"관리사무소, 자전거보관소"
위탁관리,위탁관리,단일계약,위탁관리,위탁선임,P형,음식물쓰레기종량제,위탁관리,무,위탁관리,철근콘크리트구조,부스타방식,관공서(신월 6동주민센터) 병원( 문형한내과의원) 공원(금실어린이공원) 기타( 신곡종합시장),분무식,"초등학교(강서, 신남) 중학교(강신) 고등학교(양천, 백암, 금옥)",(주)한성세영비엔에이,A15809603,4,"벽산블루밍1단지,2단지",36,4,12,1700,13,139,313,4,주)한성세영비엔에이,5분이내,20분초과,"2호선, 5호선","신정네거리, 신정","관리사무소, 노인정, 주민공동시설, 어린이놀이터, 휴게시설, 자전거보관소"
위탁관리,위탁관리,단일계약,위탁관리,상주선임,P형,음식물쓰레기종량제,위탁관리,유,위탁관리,철근콘크리트구조,고가수조식,"관공서(목3동 주민센터) 병원(포미즈병원) 공원(달마을공원) 기타(목동종합사회복지관,등촌시장)","분무식,독이식",초등학교(양화) 중학교(양동) 고등학교(영일),서림주택관리(주),A15880905,6,목동금호베스트빌,114,5,12,2250,23,190,529,10,(유)탄천산업,5~10분이내,5~10분이내,9호선,염창,"관리사무소, 노인정, 어린이놀이터, 자전거보관소"
위탁관리,위탁관리,종합계약,위탁관리,상주선임,R형,거점장비수거방식,위탁관리,유,위탁관리,철골철근콘크리트구조,부스타방식,,도포식,,자이에스앤디(주),A10027849,5,목동센트럴푸르지오아파트,74,4,5,1150,6,0,353,4,에스원,5분이내,5분이내,5호선,,"관리사무소, 어린이놀이터, 휴게시설, 커뮤니티공간, 자전거보관소"
위탁관리,위탁관리,단일계약,위탁관리,상주선임,R형,음식물쓰레기종량제,위탁관리,무,위탁관리,철근콘크리트구조,부스타방식,관공서(양천구청.신정3동주민센터) 병원(서남병원) 백화점(목동현대) 공원(),도포식,초등학교(장수) 중학교(강신중) 고등학교(금옥여고.백암고),세화종합관리(주),A15807306,5,신정e-편한세상,74,5,12,1300,11,53,449,4,동익(주),5분이내,,2호선,2호선 순환선,"관리사무소, 노인정, 어린이놀이터, 자전거보관소"
위탁관리,자치관리,종합계약,,위탁선임,P형,거점장비수거방식,위탁관리,무,위탁관리,철골철근콘크리트구조,부스타방식,,분무식,,(주)한성세영비엔에이,A10025980,4,방원예뜨랑아파트,16,1,1,560,,52,101,2,한성세영비엔에이,5~10분이내,10~15분이내,2호선,,"관리사무소, 노인정, 어린이놀이터"
위탁관리,위탁관리,종합계약,위탁관리,상주선임,GR형,음식물쓰레기종량제,위탁관리,유,위탁관리,철골철근콘크리트구조,부스타방식,관공서() 공원(),,초등학교() 중학교() 고등학교(),광인산업(주),A10027375,10,목동힐스테이트,329,10,4,5600,34,18,1319,11,(주)세연종합관리,5분이내,5분이내,2호선,,"관리사무소, 노인정, 보육시설, 문고, 주민공동시설, 어린이놀이터, 휴게시설, 커뮤니티공간, 자전거보관소"
위탁관리,위탁관리,단일계약,위탁관리,상주선임,GR형,음식물쓰레기종량제,위탁관리,유,위탁관리,철근콘크리트구조,부스타방식,관공서(양천구청) 공원(목동 신트리 공원),분무식,"초등학교(지향초등학교) 중학교(금옥중학교) 고등학교(양천고등학교,금옥여고)",광인산업(주),A10027396,5,신정숲속마을아파트,138,3,12,2160,14,43,488,4,(주)상우시스템,5분이내,15~20분이내,"1호선, 2호선, 7호선","온수역, 신정네거리역","관리사무소, 노인정, 보육시설, 주민공동시설, 어린이놀이터, 자전거보관소"
,,,,,,,위탁관리,,,,,,,,서일개발(주),A10025345,,목동현대파크빌,,,,,,,,,,,,,,
위탁관리,위탁관리,종합계약,위탁관리,위탁선임,기타,음식물쓰레기종량제,위탁관리,무,위탁관리,철근콘크리트구조,부스타방식,"관공서(양천구청, 양천경찰서) 병원(아름다운산부인과) 백화점(현대백화점,행복한세상) 공원(양천공원, 신트리공원) 기타(체육센터)","분무식,독이식","초등학교(은정, 갈산, 신목,목동) 중학교(목일, 목동) 고등학교(신목)",한국주택시설관리(주),A15885303,4,신정대림,31,2,4,704,7,180,0,4,(주)경진관리,5분이내,10~15분이내,"2호선, 5호선","오목교, 양천구청","관리사무소, 어린이놀이터, 자전거보관소"
위탁관리,위탁관리,종합계약,위탁관리,상주선임,R형,음식물쓰레기종량제,위탁관리,유,위탁관리,철골철근콘크리트구조,부스타방식,"관공서(양천세무서, 서울남부지방법원, 양천구청) 병원(이대목동병원, 홍익병원,) 백화점( 현대백화점) 대형상가(이마트) 공원(양천공원)","분무식,독이식","초등학교(서정,목동,) 중학교(목동) 고등학교(진명여고)",서일개발(주),A15807601,5,목동삼성쉐르빌2차,95,3,12,2250,5,0,434,6,(주)듀델코리아,5분이내,5~10분이내,5호선,오목교,"관리사무소, 노인정, 주민공동시설, 휴게시설, 커뮤니티공간, 자전거보관소"
위탁관리,위탁관리,단일계약,위탁관리,위탁선임,P형,차량수거방식,위탁관리,무,위탁관리,철근콘크리트구조,부스타방식,"관공서(남부지방법원, 양천세무서, 강서수도사업소, 출입국관리사무소, 한전) 병원(이대목동병원) 백화점(목동현대백화점, 행복한세상 백화점) 대형상가(이마트, 홈플러스, 하이마트) 공원(양천공원) 기타()","분무식,독이식","초등학교(목동, 신목) 중학교(목동) 고등학교( 진명여)",신원주택관리(주),A15807202,4,신정명지해드는터,42,2,4,1100,6,84,165,2,(주)승학,5~10분이내,10~15분이내,5호선,오목교역,"관리사무소, 노인정, 어린이놀이터, 휴게시설, 자전거보관소"
위탁관리,위탁관리,종합계약,위탁관리,상주선임,R형,차량수거방식,위탁관리,유,위탁관리,철근콘크리트구조,부스타방식,관공서() 병원(서남병원) 공원(현의공원),"도포식,분무식",초등학교(신의초등학교) 고등학교(대일관광고등학교),(주)신현대관리,A10025649,5,신정이든채,64,3,4,1750,9,316,17,2,진성관리(주),5분이내,15~20분이내,"1호선, 2호선",,"관리사무소, 노인정, 보육시설, 주민공동시설, 어린이놀이터, 자전거보관소"
위탁관리,관리방식미정,종합계약,관리방식미정,상주선임,R형,기타,위탁관리,유,위탁관리,철근콘크리트구조,부스타방식,,"분무식,독이식",,세화종합관리(주),A10025729,5,목동파크자이아파트,176,3,12,2350,15,459,0,4,,5~10분이내,5~10분이내,2호선,,"관리사무소, 노인정, 보육시설, 문고, 주민공동시설, 어린이놀이터, 휴게시설, 커뮤니티공간, 자전거보관소"
,,단일계약,,위탁선임,P형,,위탁관리,,,,,,,,유원종합관리(주),A15809003,,신월2차미소지움,,,,,0,18,90,,,,,,,"관리사무소, 어린이놀이터, 자전거보관소"
위탁관리,위탁관리,종합계약,위탁관리,상주선임,R형,거점장비수거방식,위탁관리,유,위탁관리,철골철근콘크리트구조,고가수조식,"관공서(양천세무서, 서울남부지방법원) 병원(설피부과의원) 백화점( 현대백화점) 공원(양천공원)","분무식,독이식","초등학교(서정,목동) 중학교(목동) 고등학교(진명여)",케이에프앤에스주식회사,A15807603,14,삼성쉐르빌1 아파트,122,10,4,4850,12,0,840,15,,5분이내,5~10분이내,5호선,오목교,"관리사무소, 노인정, 휴게시설, 커뮤니티공간, 자전거보관소"
위탁관리,위탁관리,단일계약,위탁관리,위탁선임,P형,음식물쓰레기종량제,위탁관리,무,위탁관리,철근콘크리트구조,부스타방식,"공원(용왕산근린공원, 목동근린공원)",분무식,"초등학교(양화초등학교,월촌초등학교) 중학교(신목중학교)",(주)무림하우징,A10027303,1,목동효성아파트,20,1,12,700,3,63,104,2,(주)무림하우징,5분이내,5분이내,9호선,,"관리사무소, 노인정, 어린이놀이터"
위탁관리,위탁관리,단일계약,위탁관리,상주선임,기타,음식물쓰레기종량제,위탁관리,무,위탁관리,철근콘크리트구조,부스타방식,관공서(신월 7동주민센터) 공원( 오솔길실버공원) 기타( 신곡종합시장),"도포식,독이식","초등학교(강월, 강서) 중학교(강신) 고등학교(백암)",광인산업(주),A15884703,14,신월시영아파트,70,11,12,3300,20,1350,0,43,(주)푸른안전산업,5분이내,20분초과,"2호선, 5호선","신정네거리, 신정","관리사무소, 노인정, 주민공동시설, 어린이놀이터, 유치원, 자전거보관소"
위탁관리,위탁관리,단일계약,위탁관리,위탁선임,P형,음식물쓰레기종량제,위탁관리,무,위탁관리,철골철근콘크리트구조,부스타방식,관공서() 병원() 대형상가() 공원(),분무식,초등학교() 중학교(),(주)무림하우징,A10025157,2,신도브래뉴신월2차아파트,26,1,12,500,6,39,110,2,,5분이내,5~10분이내,5호선,,"관리사무소, 노인정, 보육시설, 어린이놀이터, 자전거보관소"
,,,,,,,위탁관리,,,,,,,,주식회사 씨엠자산,A10025127,,길성그랑프리텔아파트,,,,,,,,,,5분이내,15~20분이내,,,
자치관리(직영),위탁관리,종합계약,위탁관리,위탁선임,P형,차량수거방식,위탁관리,무,자치관리(직영),철골철근콘크리트구조,압력탱크식,관공서(강서경찰서) 병원(메이드힐 병원) 백화점() 대형상가(이마크),도포식,초등학교(강신초등학교) 중학교(신화중학교) 고등학교(광영고등학교),세화종합관리(주),A10025120,4,수명산 동원데쟈뷰아파트,24,1,4,22900,6,0,143,2,,5분이내,15~20분이내,5호선,,"관리사무소, 노인정, 보육시설, 어린이놀이터, 자전거보관소"
위탁관리,위탁관리,단일계약,위탁관리,상주선임,P형,음식물쓰레기종량제,위탁관리,무,위탁관리,철근콘크리트구조,부스타방식,"관공서(목5동주민센터) 병원(이대목동병원) 백화점(행복한세상백화점, 현대백화점) 대형상가(이마트, 홈플러스) 공원(파리, 목마공원)","도포식,분무식,기구부착식,기구설치식","초등학교(목원, 월촌, 경인) 중학교(월촌, 양정) 고등학교(한가람, 양정)",율산개발 유한회사,A15875101,21,목동1단지,167,16,68,5050,28,1104,0,81,남경종합관리,5분이내,5~10분이내,9호선,신목동,노인정
위탁관리,위탁관리,종합계약,위탁관리,상주선임,R형,거점장비수거방식,위탁관리,유,위탁관리,철근콘크리트구조,부스타방식,"관공서(양천구청, 남부지원, 양천경찰서, 양천소방서) 병원(안과, 치과, 우리내과) 백화점(현대백화점) 대형상가(이마트목동) 공원(오목공원)",분무식,"초등학교(목동, 서정) 중학교(목동, 목운) 고등학교(진명여고, 신목, 대일)",광인산업(주),A15805111,11,목동현대하이페리온2차,168,15,4,7250,14,0,1143,22,아이원서비스(주),5분이내,5분이내,5호선,오목교,"관리사무소, 주민공동시설, 자전거보관소"
위탁관리,위탁관리,기타,위탁관리,위탁선임,P형,음식물쓰레기종량제,위탁관리,무,위탁관리,철골콘크리트구조,부스타방식,,분무식,초등학교() 중학교(대일고등학교 강서고등학교) 고등학교(),서일개발(주),A10025915,1,목동동구햇살아파트,16,1,6,300,3,36,53,2,서일개발(주),5분이내,10~15분이내,9호선,,"관리사무소, 자전거보관소, 기타"
위탁관리,위탁관리,단일계약,위탁관리,위탁선임,P형,음식물쓰레기종량제,자치관리,무,자치관리,철근콘크리트구조,부스타방식,관공서() 병원(),"분무식,독이식",초등학교() 중학교() 고등학교(),,A10025665,1,삼익1차플라주아파트,17,3,12,682,4,19,81,2,,5분이내,10~15분이내,5호선,,"관리사무소, 어린이놀이터, 자전거보관소"
위탁관리,위탁관리,종합계약,위탁관리,위탁선임,P형,차량수거방식,자치관리,무,자치관리,철근콘크리트구조,고가수조식,"관공서(목1동주민센터) 병원(힘찬) 백화점(현대백화점) 대형상가(이마트,홈플러스) 공원(오목공원)",분무식,초등학교(서정) 중학교(목운) 고등학교(진명여고),,A15882010,4,목동삼익,45,3,12,1050,7,0,264,6,,5분이내,5분이내,5호선,오목교,"관리사무소, 노인정, 주민공동시설, 어린이놀이터, 자전거보관소"
자치관리(직영),위탁관리,단일계약,위탁관리,상주선임,R형,음식물쓰레기종량제,위탁관리,무,위탁관리,철근콘크리트구조,부스타방식,"관공서(양천구청,양천경찰서) 병원(삼성마취통증의원, 현치과) 공원(양천어린이교통공원)","도포식,독이식","초등학교(은정,갈산,계남) 중학교(봉영여) 고등학교(목동)",우리관리(주),A15807702,8,목동2차삼성래미안,59,3,12,1710,11,385,24,4,한국보안컨설팅(주),5분이내,5~10분이내,"2호선, 5호선",양천구청역,"관리사무소, 노인정, 어린이놀이터, 자전거보관소"
위탁관리,위탁관리,단일계약,위탁관리,상주선임,P형,음식물쓰레기종량제,위탁관리,무,위탁관리,철근콘크리트구조,수도직결식,"관공서(목5동 주민센터) 병원(이대목동병원) 공원(용왕산, 파리, 목마공원)",도포식,"초등학교(양화, 정목, 월촌) 중학교(신목) 고등학교(양정)",(주)무림하우징,A15875103,15,목동6단지,90,12,12,4700,29,783,0,59,경진이앤지,5분이내,15~20분이내,"5호선, 9호선","오목교, 신목동","관리사무소, 노인정, 어린이놀이터"
위탁관리,위탁관리,단일계약,위탁관리,위탁선임,P형,음식물쓰레기종량제,위탁관리,무,위탁관리,철근콘크리트구조,부스타방식,"병원(존스킨한의원, 다민한방병원, 동신한방병원) 백화점(현대백화점, 행복한 백화점)","도포식,분무식","초등학교(목동초등학교) 중학교(목동중학교, 목운중학교) 고등학교(진명여고)",대한종합개발(주),A15805109,4,목동대림2차,39,3,12,900,7,174,57,4,(주)을지종합관리,5분이내,5분이내,5호선,오목교역,"관리사무소, 노인정, 어린이놀이터, 휴게시설, 자전거보관소"
위탁관리,위탁관리,단일계약,위탁관리,위탁선임,P형,음식물쓰레기종량제,위탁관리,무,위탁관리,철근콘크리트구조,고가수조식,공원(근린공원) 기타(서부화물트럭터미널),독이식,"초등학교(지향, 강월, 신은) 중학교(강신, 금옥) 고등학교(백암, 금옥여, 양천)",주식회사 푸른종합주택관리,A15886501,2,신정학마을3단지,38,2,4,600,5,30,181,2,코리아종합관리(주),5~10분이내,20분초과,2호선,신정네거리역,"관리사무소, 노인정, 주민공동시설, 어린이놀이터, 자전거보관소"
위탁관리,위탁관리,종합계약,위탁관리,상주선임,R형,음식물쓰레기종량제,위탁관리,유,위탁관리,철골철근콘크리트구조,부스타방식,관공서(목3동주민쎈터/02-2084-5296) 병원(마이빌 내과:02-2651-8976 /  치과 : 02-6953-2833) 대형상가(깨비 재래식시장),분무식,초등학교(등촌초) 중학교(양동중학교) 고등학교(영일고),(주)동우개발,A10026023,5,목동롯데캐슬 마에스트로,278,4,4,2250,18,0,487,4,(주)에스원,5~10분이내,5~10분이내,9호선,등촌역,"관리사무소, 노인정, 보육시설, 문고, 주민공동시설, 어린이놀이터, 휴게시설, 커뮤니티공간, 자전거보관소"
위탁관리,위탁관리,종합계약,위탁관리,상주선임,R형,,위탁관리,유,,철골철근콘크리트구조,부스타방식,병원(),"도포식,분무식",,동우씨엠(주),A10023948,6,어바니엘 염창,96,3,6,1200,3,0,169,,,5분이내,5분이내,9호선,,"관리사무소, 휴게시설, 커뮤니티공간"
,,,,,,,,,,,,,,,주식회사 씨엠자산,A10024823,,목동금호타운아파트,,,,,,,,,,,,,,
,,,,,,,,,,,,,,,,A10024699,,목동가든스위트아파트,,,,,,,,,,,,,,
위탁관리,위탁관리,종합계약,위탁관리,위탁선임,P형,음식물쓰레기종량제,위탁관리,무,위탁관리,철근콘크리트구조,고가수조식,,분무식,,(주)국제안전시스템,A10024804,1,신월 해태아파트,12,1,12,600,3,6,128,2,(주)국제안전시스템,5분이내,10~15분이내,2호선,,"관리사무소, 노인정"
위탁관리,위탁관리,종합계약,위탁관리,상주선임,R형,음식물쓰레기종량제,위탁관리,유,위탁관리,철골철근콘크리트구조,부스타방식,"관공서(신월6동 주민센터 ) 병원(이비인후과, 정형외과, 요양병원등 다수의 병원 ) 기타(장수산, 신곡시장, 신월6동 복합문화센터 )",,초등학교(신남초등학교) 중학교(금옥중학교 신남중학교) 고등학교(양천고등학교 백암고등학교 금옥여고),우리관리(주),A10024872,23,목동 센트럴 아이파크위브 아파트,1201,29,12,15050,85,0,3476,23,에이디티캡스,5~10분이내,10~15분이내,2호선,신정네거리역,"관리사무소, 노인정, 문고, 어린이놀이터, 유치원, 커뮤니티공간, 기타"
위탁관리,,종합계약,관리방식미정,상주선임,R형,차량수거방식,위탁관리(직영+위탁),유,위탁관리,철골콘크리트구조,부스타방식,,,,율산개발 유한회사,A10023886,5,호반써밋목동아파트,234,5,,2000,14,0,500,4,율산개발 유한회사,5분이내,5~10분이내,"2호선, 5호선",,"노인정, 보육시설, 주민공동시설, 어린이놀이터, 커뮤니티공간, 자전거보관소"
위탁관리,위탁관리,단일계약,,위탁선임,GR형,음식물쓰레기종량제,위탁관리,무,위탁관리,철근콘크리트구조,부스타방식,관공서() 병원() 백화점() 대형상가() 공원(),분무식,초등학교() 중학교() 고등학교(),한국주택시설관리(주),A10024355,1,목동세종그랑시아 아파트,32,1,6,665,,32,97,2,한국주택시설관리(주),5분이내,5~10분이내,5호선,,"관리사무소, 노인정, 어린이놀이터, 자전거보관소"
관리방식미정,관리방식미정,,관리방식미정,,,,위탁관리,,관리방식미정,,,,,,(주)타워피엠씨,A10024398,13,래미안 목동아델리체,585,17,,,46,0,2026,13,,5분이내,5분이내,,,
위탁관리,위탁관리,단일계약,위탁관리,위탁선임,P형,음식물쓰레기종량제,위탁관리,무,위탁관리,철골철근콘크리트구조,부스타방식,,"도포식,분무식,독이식",,한일주택관리,A15878601,1,금하뜨라네,11,2,4,650,12,7,171,0,,5~10분이내,20분초과,5호선,,"관리사무소, 노인정, 주민공동시설, 어린이놀이터, 자전거보관소"
